answer,grade
"The initial choice of centroids is very important. Poor choice of initial centroids may result in dead clusters.",5
"Initialization in k-means clustering is crucial as it directly affects the final clustering outcome. A suboptimal choice of initial centroids can lead to convergence to a local minimum.",5
"The importance of initialization in k-means cannot be overstated. It significantly impacts the algorithm's convergence and the quality of the resulting clusters. Careful selection of initial centroids is essential for meaningful clustering.",5
"Choosing the right initial centroids is critical for the success of k-means clustering. It influences the algorithm's sensitivity to local minima and can affect the final cluster assignments.",5
"K-means initialization plays a vital role in the clustering process. If the initial centroids are poorly chosen, the algorithm may converge to suboptimal solutions. Careful initialization is necessary for obtaining meaningful clusters.",5
"Initialization is a crucial step in k-means clustering. The choice of initial centroids can impact the algorithm's convergence and the quality of the resulting clusters. It is essential to avoid convergence to undesirable local minima.",5
"The significance of initialization in k-means clustering cannot be ignored. The initial choice of centroids can lead to different cluster assignments, and a poor choice may result in clusters that do not accurately represent the underlying data distribution.",5
"K-means clustering heavily depends on the initial centroids. Choosing inappropriate initial centroids may cause the algorithm to converge to a suboptimal solution, leading to inaccurate cluster assignments.",5
"In k-means clustering, initialization is critical. The selection of initial centroids influences the algorithm's convergence behavior, and a poor choice can result in clusters that do not accurately represent the underlying data distribution.",5
"Choosing the right initial centroids is crucial in k-means clustering. Poor initialization can lead to the algorithm converging to suboptimal solutions, affecting the quality of the resulting clusters.",5
"Initialization is a key aspect of k-means clustering. The choice of initial centroids can significantly impact the final clustering outcome. It is essential to select centroids that help the algorithm converge to meaningful clusters.",5
"In k-means clustering, the initial choice of centroids is pivotal. Poor initialization can lead to the algorithm converging to local minima, resulting in suboptimal cluster assignments.",5
"The importance of initialization in k-means clustering cannot be overstated. The initial centroids act as starting points, and a poor choice can lead to the algorithm converging to suboptimal solutions, impacting the quality of the resulting clusters.",5
"K-means clustering relies heavily on the initial choice of centroids. Poor initialization can lead to convergence issues, such as getting stuck in local minima or producing undesirable clusters.",5
"Initialization is a critical step in k-means clustering. The initial centroids serve as the starting points for cluster formation, and a poor choice can lead to the algorithm converging to suboptimal solutions.",5
"In k-means clustering, the choice of initial centroids is crucial. Poor initialization can lead to the algorithm converging to local minima, resulting in inaccurate cluster assignments.",5
"Initialization is a vital aspect of k-means clustering. The initial choice of centroids can greatly influence the algorithm's convergence and the quality of the resulting clusters. It is important to avoid poor initialization for meaningful clustering.",5
"Choosing the right initial centroids is essential in k-means clustering. Poor initialization can lead to convergence issues, affecting the final clustering outcome. It is crucial to make informed choices for better cluster assignments.",5
"The importance of initialization in k-means clustering cannot be ignored. The initial centroids play a key role in the algorithm's convergence, and a poor choice can lead to suboptimal cluster assignments.",5
"K-means clustering hinges on the initial choice of centroids. Poor initialization can lead to convergence to local minima, resulting in clusters that do not accurately represent the underlying data distribution.",5
"Initialization is a critical factor in k-means clustering. The choice of initial centroids directly influences the algorithm's convergence and the quality of the resulting clusters. It is essential to make informed choices for meaningful cluster assignments.",5
"Choosing the right initial centroids is crucial for the success of k-means clustering. Poor initialization can lead to convergence issues, impacting the final clustering outcome. Careful selection of centroids is necessary for meaningful cluster assignments.",5
"In k-means clustering, initialization is of utmost importance. The choice of initial centroids can significantly affect the algorithm's convergence and the resulting clusters. It is crucial to avoid poor initialization for meaningful cluster assignments.",5
"Initialization is a critical step in k-means clustering. The initial centroids serve as the starting points for cluster formation, and a poor choice can lead to convergence issues, affecting the quality of the resulting clusters.",5
"K-means clustering relies heavily on the initial choice of centroids. Poor initialization can lead to convergence to local minima, resulting in suboptimal cluster assignments.",5
"The importance of initialization in k-means clustering cannot be overstated. The initial choice of centroids significantly influences the algorithm's convergence and the quality of the resulting clusters. Poor initialization can lead to inaccurate cluster assignments.",5
"Choosing the right initial centroids is crucial in k-means clustering. Poor initialization can lead to convergence issues, impacting the final clustering outcome. It is essential to make informed choices for better cluster assignments.",5
"In k-means clustering, initialization is a critical step. The choice of initial centroids can impact the algorithm's convergence and the quality of the resulting clusters. It is important to avoid poor initialization for meaningful cluster assignments.",5
"The significance of initialization in k-means clustering cannot be ignored. The initial centroids play a key role in determining the final cluster assignments. Poor initialization can lead to clusters that do not accurately represent the underlying data distribution.",5
"K-means clustering heavily relies on the initial choice of centroids. Poor initialization can lead to convergence to local minima, resulting in suboptimal cluster assignments.",5
"Initialization is a crucial aspect of k-means clustering. The choice of initial centroids directly influences the algorithm's convergence and the quality of the resulting clusters. It is important to avoid poor initialization for meaningful cluster assignments.",5
"Choosing the right initial centroids is essential in k-means clustering. Poor initialization can lead to convergence issues, impacting the final clustering outcome. Careful selection of centroids is necessary for meaningful cluster assignments.",5
"In k-means clustering, initialization is of utmost importance. The choice of initial centroids can significantly affect the algorithm's convergence and the resulting clusters. It is crucial to avoid poor initialization for meaningful cluster assignments.",5
"Initialization is a critical step in k-means clustering. The initial centroids serve as the starting points for cluster formation, and a poor choice can lead to convergence issues, affecting the quality of the resulting clusters.",5
"K-means clustering relies heavily on the initial choice of centroids. Poor initialization can lead to convergence to local minima, resulting in suboptimal cluster assignments.",5
"The importance of initialization in k-means clustering cannot be overstated. The initial choice of centroids significantly influences the algorithm's convergence and the quality of the resulting clusters. Poor initialization can lead to inaccurate cluster assignments.",5
"The initial centroids matter somewhat in k-means clustering. It's not a critical factor, and the algorithm can still produce reasonable results even with suboptimal choices.",4
"Initialization is necessary for k-means, but it's not the most crucial aspect. The algorithm can compensate for poor initial centroids through subsequent iterations.",3
"While initialization is a consideration in k-means clustering, the overall success depends more on choosing the right value of k. Initial centroids have a limited impact.",3
"The initial centroids play a role, but the main challenge in k-means clustering is determining the optimal number of clusters (k). Initialization is secondary.",3
"Initialization matters in k-means, but it's not a make-or-break factor. The algorithm tends to converge to reasonable solutions regardless of the starting centroids.",4
"Choosing initial centroids is somewhat important in k-means clustering, but the algorithm can handle a variety of starting points and still converge to meaningful clusters.",4
"K-means initialization is essential, but it's not the only factor. The algorithm's performance also depends on the distribution of data, and it can adapt to suboptimal starting centroids.",4
"The importance of initialization is often exaggerated in k-means clustering. While it can affect convergence speed, the algorithm is robust enough to handle diverse initial centroids.",2
"In k-means clustering, initialization is a minor consideration. The algorithm can still produce reasonable results even with random or poorly chosen initial centroids.",3
"Initialization is not the most critical aspect of k-means clustering. The algorithm's success is more dependent on the quality of the data and less on the initial choice of centroids.",2
"The significance of initialization in k-means is somewhat overstated. While it can impact convergence, the algorithm tends to find reasonable clusters regardless of initial centroids.",4
"In k-means clustering, the initial centroids matter to some extent, but the algorithm is designed to handle variations in starting points and converge to meaningful clusters.",4
"K-means initialization is a consideration, but the algorithm's adaptability often compensates for poor choices. It's not as crucial as other aspects of the clustering process.",3
"The initial centroids play a role in k-means clustering, but the algorithm's iterative nature allows it to overcome suboptimal starting points and converge to reasonable clusters.",4
"While initialization is a factor in k-means, the algorithm's success is more tied to the choice of k. Poor initial centroids can be mitigated through subsequent iterations.",3
"K-means initialization is relevant, but it's not the primary determinant of clustering success. The algorithm can still produce meaningful results with a variety of starting centroids.",4
"In k-means, initialization is somewhat important, but the algorithm's iterative nature compensates for poor initial choices. The impact is limited.",3
"The choice of initial centroids in k-means matters, but the algorithm is robust enough to handle variations. It can still converge to meaningful clusters despite suboptimal starting points.",4
"While initialization is a factor in k-means clustering, the overall success depends more on the characteristics of the data and less on the initial choice of centroids.",2
"Initialization is a consideration in k-means, but it's not the most crucial aspect. The algorithm can still produce reasonable results even with suboptimal starting centroids.",3
"The importance of initialization in k-means is somewhat overstated. While it can influence convergence speed, the algorithm tends to find reasonable clusters regardless of the initial centroids.",4
"In k-means clustering, initialization is a minor consideration. The algorithm can handle a variety of starting points and still converge to meaningful clusters.",3
"Initialization is not the most critical aspect of k-means clustering. The algorithm's success is more dependent on the quality of the data and less on the initial choice of centroids.",2
"The significance of initialization in k-means is somewhat overstated. While it can impact convergence, the algorithm tends to find reasonable clusters regardless of initial centroids.",4
"In k-means clustering, the initial centroids matter to some extent, but the algorithm is designed to handle variations in starting points and converge to meaningful clusters.",4
"K-means initialization is a consideration, but the algorithm's adaptability often compensates for poor choices. It's not as crucial as other aspects of the clustering process.",3
"The initial centroids play a role in k-means clustering, but the algorithm's iterative nature allows it to overcome suboptimal starting points and converge to reasonable clusters.",4
"While initialization is a factor in k-means, the algorithm's success is more tied to the choice of k. Poor initial centroids can be mitigated through subsequent iterations.",3
"K-means initialization is relevant, but it's not the primary determinant of clustering success. The algorithm can still produce meaningful results with a variety of starting centroids.",4
"In k-means, initialization is somewhat important, but the algorithm's iterative nature compensates for poor initial choices. The impact is limited.",3
"The choice of initial centroids in k-means matters, but the algorithm is robust enough to handle variations. It can still converge to meaningful clusters despite suboptimal starting points.",4
"While initialization is a factor in k-means clustering, the overall success depends more on the characteristics of the data and less on the initial choice of centroids.",2
"Initialization is a consideration in k-means, but it's not the most crucial aspect. The algorithm can still produce reasonable results even with suboptimal starting centroids.",3
"The importance of initialization in k-means is somewhat overstated. While it can influence convergence speed, the algorithm tends to find reasonable clusters regardless of the initial centroids.",4
"In k-means clustering, initialization is a minor consideration. The algorithm can handle a variety of starting points and still converge to meaningful clusters.",3
"Initialization is not the most critical aspect of k-means clustering. The algorithm's success is more dependent on the quality of the data and less on the initial choice of centroids.",2
"The significance of initialization in k-means is somewhat overstated. While it can impact convergence, the algorithm tends to find reasonable clusters regardless of initial centroids.",4
"In k-means clustering, the initial centroids matter to some extent, but the algorithm is designed to handle variations in starting points and converge to meaningful clusters.",4
"K-means initialization is a consideration, but the algorithm's adaptability often compensates for poor choices. It's not as crucial as other aspects of the clustering process.",3
"The initial centroids play a role in k-means clustering, but the algorithm's iterative nature allows it to overcome suboptimal starting points and converge to reasonable clusters.",4
"While initialization is a factor in k-means, the algorithm's success is more tied to the choice of k. Poor initial centroids can be mitigated through subsequent iterations.",3
"K-means initialization is relevant, but it's not the primary determinant of clustering success. The algorithm can still produce meaningful results with a variety of starting centroids.",4
"In k-means, initialization is somewhat important, but the algorithm's iterative nature compensates for poor initial choices. The impact is limited.",3
"The choice of initial centroids in k-means matters, but the algorithm is robust enough to handle variations. It can still converge to meaningful clusters despite suboptimal starting points.",4
"While initialization is a factor in k-means clustering, the overall success depends more on the characteristics of the data and less on the initial choice of centroids.",2
"Initialization is a consideration in k-means, but it's not the most crucial aspect. The algorithm can still produce reasonable results even with suboptimal starting centroids.",3
"The importance of initialization in k-means is somewhat overstated. While it can influence convergence speed, the algorithm tends to find reasonable clusters regardless of the initial centroids.",4
"In k-means clustering, initialization is a minor consideration. The algorithm can handle a variety of starting points and still converge to meaningful clusters.",3
"Initialization is not the most critical aspect of k-means clustering. The algorithm's success is more dependent on the quality of the data and less on the initial choice of centroids.",2
"The significance of initialization in k-means is somewhat overstated. While it can impact convergence, the algorithm tends to find reasonable clusters regardless of initial centroids.",4
"In k-means clustering, the initial centroids matter to some extent, but the algorithm is designed to handle variations in starting points and converge to meaningful clusters.",4
"K-means initialization is a consideration, but the algorithm's adaptability often compensates for poor choices. It's not as crucial as other aspects of the clustering process.",3
"The initial centroids play a role in k-means clustering, but the algorithm's iterative nature allows it to overcome suboptimal starting points and converge to reasonable clusters.",4
"While initialization is a factor in k-means, the algorithm's success is more tied to the choice of k. Poor initial centroids can be mitigated through subsequent iterations.",3
"K-means initialization is relevant, but it's not the primary determinant of clustering success. The algorithm can still produce meaningful results with a variety of starting centroids.",4
"In k-means, initialization is somewhat important, but the algorithm's iterative nature compensates for poor initial choices. The impact is limited.",3
"The choice of initial centroids in k-means matters, but the algorithm is robust enough to handle variations. It can still converge to meaningful clusters despite suboptimal starting points.",4
"While initialization is a factor in k-means clustering, the overall success depends more on the characteristics of the data and less on the initial choice of centroids.",2
"Initialization is a consideration in k-means, but it's not the most crucial aspect. The algorithm can still produce reasonable results even with suboptimal starting centroids.",3
"The importance of initialization in k-means is somewhat overstated. While it can influence convergence speed, the algorithm tends to find reasonable clusters regardless of the initial centroids.",4
"In k-means clustering, initialization is a minor consideration. The algorithm can handle a variety of starting points and still converge to meaningful clusters.",3
"Initialization is not the most critical aspect of k-means clustering. The algorithm's success is more dependent on the quality of the data and less on the initial choice of centroids.",2
"The significance of initialization in k-means is somewhat overstated. While it can impact convergence, the algorithm tends to find reasonable clusters regardless of initial centroids.",4
"In k-means clustering, the initial centroids matter to some extent, but the algorithm is designed to handle variations in starting points and converge to meaningful clusters.",4
"K-means initialization is a consideration, but the algorithm's adaptability often compensates for poor choices. It's not as crucial as other aspects of the clustering process.",3
"The initial centroids play a role in k-means clustering, but the algorithm's iterative nature allows it to overcome suboptimal starting points and converge to reasonable clusters.",4
"While initialization is a factor in k-means, the algorithm's success is more tied to the choice of k. Poor initial centroids can be mitigated through subsequent iterations.",3
"K-means initialization is relevant, but it's not the primary determinant of clustering success. The algorithm can still produce meaningful results with a variety of starting centroids.",4
"In k-means, initialization is somewhat important, but the algorithm's iterative nature compensates for poor initial choices. The impact is limited.",3
"The choice of initial centroids in k-means matters, but the algorithm is robust enough to handle variations. It can still converge to meaningful clusters despite suboptimal starting points.",4
